id,qid1,qid2,answer1,answer2,is_duplicate
0,1,2,Ini adalah kisah tentang persabahatan dua anak cowok bernama Edward dan Bejo.,Akan diceritakan kisah dua orang yang akrab sekali tapi ternyata satu sama lain itu berbeda.,0
1,3,4,"Alkisah pada suatu waktu di wilayah barat Jakarta, hiduplah sepasang sahabat baik sekali bernama Alex dan Ali.",Edward adalah anak cowok berkacamata dan wajahnya penuh dengan jerawat.,0
2,5,6,"Ada dua orang anak, namanya Anton sama Budi.",Terdapat dua orang anak yang bernama Anton sama Budi.,1
3,7,8,Proses untuk membuat suatu program dengan menggunakan bahasa komputer.,Pemograman komputer merupakan suatu proses yang berisi penyusunan printah atau algoritma untuk dijalankan pada sistem komputer sehingga menghasilkan suatu output sesuai perintah atau program yang dibuat.,0
4,9,10,"Komponen minimal yang harus dimiliki oleh komputer adalah memori utama, memori sekunder,cpu, input device dan output device.","Memori utama, memori sekunder, CPU, input device, output device",1
5,11,12,Sebuah program komputer dijalankan melalui 3 proses utama yaitu input-process-output.,"Input, process, dan output merupakan 3 proses utama saat menjalankan program komputer.",1
6,13,14,Haruskah aku membeli sekotak tisu?,Video game apa yang cocok untuk anak - anak?,0
7,15,16,Bagaimana cara aku menjadi seorang Arkeolog,Apa yang harus aku lakukan untuk menjadi Arkeolog?,1
8,17,18,Sepulang sekolah bersama dengan kedua orang tuanya Edward mengunjungi Bejo di rumahnya.,"Sepulang kantor bersama dengan temannya, Edward mengunjungi Bejo di rumahnya.",0
9,19,20,Dapatkah aku meretas kartu GSM yang ku pakai?,Bagaimana cara untuk meretas kartu GSM untuk mendapatkan internet gratis?,0
10,21,22,"Bahasa mesin merupakan bahasa yang dimengerti oleh perangkat lunak menggunakan biner yang terdiri dari angka 0 dan 1, bahasa pemrograman ini sulit untuk dihapal manusia untuk membuat program.","Bahasa mesin: bahasa yang dipahami komputer, namum sulit untuk dipahami oleh manusia dan memiihi bahasa mesin yang berbeda untuk setiap jenis CPU",0
11,23,24,Bahasa level tinggi adalah bahasa yang lebih mendekati bahasa manusia sehari-hari. Bahasanya sangat mudah dipahami oleh manusia sehingga memudahkan untuk memberikan perintah pada mesin.,Bahasa tingkat tingggi merupakan bahasa seperti bahasa inggris dan bahasa manusia lainnya.,1
12,25,26,Bahasa level tinggi merupakan Bahasa yang tidak lagi menggunakan kode biner ataupun mnemonic.,"Bahasa level tinggi yaitu bahasa yang tidak lagi menggunakan biner atau mnemonic, bahasa ini lebih mudah dan dapat membuat program dengan baik.",1
13,27,28,"Tablet dapat diprogram /diperintah untuk melakukan sesuatu dibentuk oleh beberapa komponen utama seperti memori utama, memori sekunder, CPU, dan lain-lain",Laptop merupakan versi portable dari PC atau komputer yang berfungsi untuk melakukan pekerjaan PC dengan ukuran yang lebih kecil.,0
14,29,30,Tidak ketinggalan koral berbentuk jamur kuping dengan warna coklat.,Tidak ketinggalan koral berwarna coklat yang berbentuk seperti jamur kuping.,1
15,31,32,Raja Ampat memiliki pemandangan yang indah dipagi hari serta udara yang sejuk.,Sungguh indah pemandangan pegununggan Semeru dengan udara segar dan dingin dipagi hari.,0
16,33,34,Apa yang dimaksud dengan manipulasi data pada database?,Apa yang dimaksud dengan manipulasi data pada database?,1
17,35,36,User experience adalah bagaimana pengalaman pengguna dalam berinteraksi/menggunakan produk digital Anda. Pengalaman ini dilihat dari betapa mudahnya pengguna untuk mendapatkan apa yang mereka inginkan dari produk tersebut.,"User Interface adalah tampilan visual sebuah produk yang menjembatani sistem dengan pengguna (user). Tampilan UI dapat berupa bentuk, warna, dan tulisan yang didesain semenarik mungkin. Secara sederhana, UI adalah bagaimana tampilan sebuah produk dilihat oleh pengguna. ",0
18,37,38,Python merupakan bahasa pemrograman yang populer digunakan untuk pengolahan data.,"Dalam pengolahan data, salah satu bahasa pemrograman yang sering dipakai adalah Python.",1
19,39,40,Jakarta merupakan ibu kota dari Negara Indonesia saat ini.,Tokyo merupakan ibu kota dari Negara Jepang.,0
20,41,42,Kenapa roket berwana putih?,Kenapa roket dan pesawatnya dicat dengan warna putih?,1
21,43,44,"Pemrograman komputer adalah proses untuk membangun program. Sedangkan program adalah sekumpulan perintah yang kita berikan kepada komputer untuk mengerjakan sesuatu, yaitu untuk mengolah data masukan menjadi keluaran. Sehingga sebuah perangkat lunak pastilah memiliki program.","Pemrograman komputer merupakan proses untuk membangun program. Sedangkan program adalah sekumpulan perintah yang kita berikan kepada komputer untuk mengerjakan sesuatu, yaitu untuk mengolah data masukan menjadi keluaran.",1
22,45,46,Apa saja pertanyaan yang tidak boleh ditanyakan di Quora?,Pertanyaan apa yang harus saya ajukan di Quora?,0
23,47,48,Berapa harga 30 kV dalam HP?,Di mana saya bisa menemukan bagan konversi untuk CC ke tenaga kuda?,0
24,49,50,"Apa artinya bahwa setiap kali saya melihat jam, angkanya sama?",Berapa kali dalam sehari jarum jam saling tumpang tindih?,0
25,51,52,Apa saja kiat-kiat untuk melewati proses wawancara kerja di Medicines?,Apa saja kiat-kiat untuk berhasil melalui proses wawancara kerja di Foundation Medicine?,0
26,53,54,"Komponen-komponen yang menjadi syarat minimal agar sebuah komputer bisa bekerja adalah memori utama, memori sekunder, Central Processing Unit, perangkat input, dan perangkat output.","Jenis bahasa komputer yang pertama adalah bahasa mesin, bahasa ini memiliki kelemahan sulit dimengerti oleh manusia karena hanya terdiri dari angka 0 dan 1. Jenis yang kedua adalah bahasa assembly, bahasa ini sedikit lebih mudah karena menggunakan singakatan dari kata kerja dalam bahasa inggris yang mudah diingat (mneumonic), Namun bahasa assembly harus bekerja secara spesifik sesuai dengan karakteristik dari perangkat keras komputer dan yang terakhir adalah bahasa tingkat tinggi, bahasa ini hampir menyerupai",0
27,55,56,Apakah masyarakat terlalu mementingkan olahraga?,Bagaimana olahraga berkontribusi kepada masyarakat?,0
28,57,58,Apa cara terbaik untuk menghasilkan uang secara online?,Apa cara terbaik untuk meminta uang secara online?,0
29,59,60,Bagaimana saya harus mempersiapkan diri untuk hukum akhir CA?,Bagaimana seseorang harus tahu bahwa dia benar-benar mempersiapkan diri untuk ujian akhir CA?,1
30,61,62,Apa satu hal yang ingin Anda lakukan dengan lebih baik?,Apa satu hal yang Anda lakukan meskipun tahu lebih baik?,0
31,63,64,Apa saja perawatan khusus untuk seseorang dengan hidung yang tersumbat di malam hari?,Bagaimana saya bisa menjaga hidung saya agar tidak tersumbat di malam hari?,1
32,65,66,Penjahat Game of Thrones apa yang paling mungkin memberi Anda belas kasihan?,Penjahat Game of Thrones apa yang paling Anda inginkan?,1
33,67,68,"Apakah pemerintah Amerika Serikat masih memasukkan beberapa warga negara Amerika Serikat ke dalam daftar hitam (pekerjaan, dll.) karena pandangan politik mereka?",Bagaimana kecepatan rata-rata molekul gas ditentukan?,0
34,69,70,Apa situs web perjalanan terbaik di Spanyol?,Apa situs web perjalanan terbaik?,0
35,71,72,Mengapa sebagian orang berpikir bahwa Obama akan mencoba mengambil senjata mereka?,Apakah ada inisiatif pengendalian senjata untuk mengambil senjata yang sudah dimiliki orang?,0
36,73,74,Saya berusia 19 tahun. Bagaimana saya bisa meningkatkan keterampilan saya atau apa yang harus saya lakukan untuk menjadi wirausahawan dalam beberapa tahun ke depan?,Saya seorang pria berusia 19 tahun. Bagaimana saya bisa menjadi miliarder dalam 10 tahun ke depan?,0
37,75,76,"Ketika seorang pacar bertanya kepada pacarnya, ""Mengapa kamu memilih saya? Apa yang membuatmu ingin bersamaku?"", apa yang harus dijawabnya?",Pacar saya mengatakan bahwa kami harus mengakhiri ini karena dia bingung tentang perasaannya kepada saya. Saya berharap dia baik-baik saja dan memutuskan hubungan. Haruskah saya meneleponnya dan bertanya apakah dia ingin kembali bersama?,0
38,77,78,Bagaimana kita mempersiapkan diri untuk UPSC?,Bagaimana saya mempersiapkan diri untuk menjadi pegawai negeri?,1
39,79,80,Berapakah kecepatan stall dan AOA dari f-14 dengan sayap yang disapu penuh ke belakang?,"Mengapa pesawat terbang berhenti menggunakan sayap sapuan variabel, seperti yang ada pada F-14?",0
40,81,82,Mengapa orang Slavia berjongkok?,Apakah squat akan membuat kaki saya lebih tebal?,0
41,83,84,Kapan saya bisa mengharapkan surat konfirmasi Cognizant saya?,Kapan saya bisa mengharapkan surat konfirmasi Cognizant?,0
42,85,86,Dapatkah saya menghasilkan 50.000 sebulan dengan perdagangan harian?,Dapatkah saya menghasilkan 30.000 sebulan dengan perdagangan harian?,0
43,87,88,Apakah menjadi anak yang baik dan tidak menjadi pemberontak itu sepadan dalam jangka panjang?,Apakah bosan itu baik untuk anak-anak?,0
44,89,90,Dari universitas mana Rexnord merekrut lulusan baru? Jurusan apa yang mereka cari?,Dari universitas mana B&G Foods merekrut lulusan baru? Jurusan apa yang mereka cari?,0
45,91,92,Apa cara tercepat untuk meningkatkan pengikut Instagram?,Bagaimana kita bisa meningkatkan jumlah pengikut Instagram kita?,0
46,93,94,Bagaimana Darth Vader bertarung melawan Darth Maul di Star Wars Legends?,Apakah Quora memiliki batas karakter untuk deskripsi profil?,0
47,95,96,"Apa saja tahap-tahap putus cinta di antara pasangan? Maksud saya, apa yang terjadi setelah putus cinta secara emosional, apakah itu pria atau wanita?","Siapa yang lebih terpengaruh oleh putus cinta, si pria atau si wanita?",0
48,97,98,Apa saja contoh produk yang dapat dibuat dari minyak mentah?,Apa saja produk yang dibuat dari minyak mentah?,1
49,99,100,Bagaimana cara saya berteman.,Bagaimana cara berteman?,1
50,101,102,Apakah Career Launcher bagus untuk persiapan RBI Grade B?,Bagaimana program online career launcher untuk RBI Grade B?,1
51,103,104,"Apakah Blu Ray akan diputar pada pemutar DVD biasa? Jika demikian, bagaimana caranya?",Bagaimana Anda bisa memutar DVD Blu Ray pada pemutar DVD biasa?,1
52,105,106,Apakah dia selalu sedih?,"Secara aerodinamis, apa yang terjadi ketika propeler berputar?",0
53,107,108,Apa makanan terbaik/paling berkesan yang pernah Anda makan dan mengapa?,Hidangan apa yang paling lezat yang pernah Anda makan dan mengapa?,1
54,109,110,Bagaimana GST mempengaruhi CA dan petugas pajak?,Mengapa saya tidak bisa mengerjakan pekerjaan rumah saya?,0
55,111,112,Seberapa sulitkah masuk ke RSI?,Apakah Anda melamar program seperti RSI ketika Anda sudah menjadi senior?,0
56,113,114,Siapa teman israil?,Apakah pacar saya berbohong tentang perasaannya yang sebenarnya terhadap temannya dan apakah dia diam-diam tertarik padanya?,0
57,115,116,Apa saja lagu rap yang bagus untuk menari?,Apa saja lagu rap terbaik?,0
58,117,118,Tiba-tiba saya logout dari Gmail. Saya tidak dapat mengingat kata sandi Gmail saya dan baru menyadari bahwa email pemulihan tidak lagi hidup. Apa yang bisa saya lakukan?,Saya tidak dapat mengingat kata sandi Gmail saya atau email pemulihan saya. Bagaimana saya bisa memulihkan email saya?,1
59,119,120,Apa cara terbaik untuk belajar bahasa Prancis?,Bagaimana cara mempelajari gender bahasa Prancis?,0
60,121,122,Bagaimana cara mengunduh konten dari torrent kickass tanpa registrasi?,Apakah Kickass Torrents dapat dipercaya?,0
61,123,124,Apakah normal memiliki cincin gelap di sekitar iris mata saya?,Apa yang menyebabkan cincin gelap di sekitar iris mata? Bagaimana cara mengobatinya?,0
62,125,126,Bagaimana buku Harry Potter yang baru 'Harry Potter dan Anak Terkutuk'?,Seberapa buruk buku baru karya J.K Rowling?,1
63,127,128,Mengapa saya selalu merasa tertekan?,Mengapa saya selalu merasa tertekan di malam hari?,0
64,129,130,Di mana saya bisa menemukan database kantor keluarga Eropa?,Di mana saya bisa menemukan basis data kantor keluarga A.S.?,0
65,131,132,Apa itu pemrograman Java? Bagaimana Cara Belajar Bahasa Pemrograman Java?,Bagaimana cara belajar bahasa komputer seperti java?,1
66,133,134,Apa buku terbaik yang pernah dibuat?,Buku apa yang paling penting yang pernah Anda baca?,1
67,135,136,Dapatkah kita menyimpan energi yang dihasilkan dari petir?,Apakah mungkin menyimpan energi petir?,1
68,137,138,Apa ulasan Anda tentang Performance Testing?,Apa yang dimaksud dengan pengujian performa?,0
69,139,140,Dengan biaya apa privasi yang begitu banyak seperti di Jerman bisa diperoleh? Apa lagi yang hilang untuk mendapatkan begitu banyak privasi?,Apakah ada orang yang benar-benar menikmati salad tanpa saus?,0
70,141,142,Apa saja jenis-jenis kekebalan?,Apa saja jenis imunitas yang berbeda dalam tubuh kita?,0
71,143,144,Apa yang dimaksud dengan gangguan kepribadian narsistik?,Apa itu gangguan kepribadian narsistik?,1
72,145,146,Bagaimana saya bisa berbicara bahasa Inggris dengan lancar?,Bagaimana saya bisa belajar berbicara bahasa Inggris dengan lancar?,1
73,147,148,Seberapa membantu nomor telepon dukungan pemulihan data otomatis quickbooks untuk memulihkan file data Anda yang rusak?,Berapa nomor telepon dukungan pelanggan quickbooks USA?,1
74,149,150,Siapakah penjudi terkaya sepanjang masa dan bagaimana saya bisa mencapai levelnya?,Siapakah penjudi terkaya sepanjang masa dan bagaimana saya bisa mencapai levelnya sebagai penjudi?,1
75,151,152,Jika saya menembakkan peluru ke belakang dari pesawat terbang yang melaju lebih cepat daripada peluru; apakah peluru akan bergerak mundur?,"Apakah peluru bergerak lebih cepat daripada kecepatan suara ketika ditembakkan dari pistol? Jika tidak, apakah mungkin? Jika ya, senjata apa dan seberapa besar kehancuran yang terjadi?",0
76,153,154,Bagaimana cara mencegah kanker payudara?,Apakah kanker payudara dapat dicegah?,0
77,155,156,Bagaimana cara keluar dari akun Gmail saya di ponsel teman saya?,Bagaimana saya bisa tahu siapa yang masuk ke akun Gmail saya? (dengan memberi tahu alamat IP atau nama perangkatnya)?,0
78,157,158,Bagaimana saya bisa menghasilkan uang melalui Internet?,"Apa saja cara yang berbeda untuk menghasilkan uang secara online, kecuali menjual barang?",0
79,159,160,Apa tujuan hidup?,Apa tujuan hidup? Sebenarnya tentang apakah kehidupan itu?,1
80,161,162,Kapankah pemerintah BJP akan melucuti kewarganegaraan India dari semua Muslim dan Kristen dan menempatkan mereka di atas perahu seperti Rohingya di Burma?,"Mengapa India tidak menerapkan ""model Burma-Rohingya"" untuk mendeportasi warga Bangladesh ilegal?",0
81,163,164,Apa etika yang tepat untuk mengucapkan selamat ulang tahun kepada Saksi Yehuwa?,Seberapa pentingkah menjadi orang pertama yang mengucapkan selamat ulang tahun kepada seseorang?,0
82,165,166,"Jika seseorang ingin membuka stasiun radio FM komersial di kota mana pun di India, berapa biayanya dan bagaimana prosedurnya?","Saya ingin membuat iklan perjalanan / video klip HD, Untuk India dan Selandia Baru. Berapa biayanya?",0
83,167,168,Mengapa orang Swiss membenci orang Asia?,Mengapa karyawan teknis sangat membenci orang penjualan?,0
84,169,170,Apa saja pekerjaan dengan gaji tinggi di bidang bioteknologi?,Apa saja pekerjaan bergaji tinggi untuk orang yang baru lulus M.Tech di bidang bioteknologi?,1
85,171,172,Bagaimana saya bisa menambah tinggi badan saya setelah 21 juga?,Dapatkah tinggi badan meningkat setelah usia 25 tahun?,1
86,173,174,"Apa efek utama dari gempa bumi Kamboja, dan bagaimana efek ini dibandingkan dengan gempa bumi Kamchatca pada tahun 1952?","Apa efek utama dari gempa bumi Kamboja, dan bagaimana efek ini dibandingkan dengan gempa bumi Valparaiso pada tahun 1822?",1
87,175,176,Apa perbedaan antara ketulusan dan keadilan?,Apa perbedaan antara jujur dan tulus?,0
88,177,178,Manakah laptop gaming terbaik di bawah 60 ribu INR?,Manakah laptop gaming terbaik di bawah Rs 60000?,1
89,179,180,Apa ulasan Anda tentang The Next Warrior: Apa komentar Anda tentang The Next Warrior: Proving Grounds - Part 9?,Apa ulasan Anda tentang The Next Warrior: Apa komentar Anda tentang The Next Warrior: Proving Grounds - Part 5?,0
90,181,182,Apa buku referensi terbaik untuk fisika kelas 11?,"Buku mana yang harus saya pilih untuk referensi fisika dan kimia (kelas 11, CBSE board)?",0
91,183,184,"Institut Teknologi Nasional, Kurukshetra: Bagaimana kehidupan sosial di NITK, Surathkal?","Institut Teknologi Nasional Karnataka (NITK), Surathkal: Kepada angkatan yang telah lulus: Pelajaran apa yang ingin Anda berikan kepada junior Anda sebelum Anda pergi?",0
92,185,186,Apa saja film romantis terbaik dalam bahasa Inggris?,Apa film romantis terbaik yang pernah Anda tonton?,1
93,187,188,Apa yang menyebabkan mimpi buruk?,Apa yang menyebabkan mimpi buruk yang tampak nyata?,1
94,189,190,Apa yang dimaksud dengan ekspresionisme abstrak dalam seni lukis?,Apa saja pengaruh utama dari ekspresionisme abstrak?,0
95,191,192,Bagaimana cara kerja pencetakan 3D?,Bagaimana cara kerja pencetakan 3D?,1
96,193,194,Bagaimana rasanya kuliah di Caltech bersama Jeremy Ehrhardt?,Siapa saja orang-orang terkenal yang pernah kuliah di Caltech?,0
97,195,196,Mengapa Harry menjadi horcrux?,Apa yang dimaksud dengan Horcrux?,0
98,197,198,Apa program associate product manager (APM) terbaik yang dapat diikuti oleh seseorang berusia awal 20-an untuk mempelajari manajemen produk dan memiliki karier yang bermanfaat di perusahaan?,Apa persyaratan umum untuk menjadi Manajer Produk atau Manajer Program di perusahaan perangkat lunak berbasis produk?,0
99,199,200,Mengapa nomor Skype di 1-855-425-3768 selalu sibuk?,Bagaimana saya bisa membuat Skype berfungsi pada ponsel Android 4.1.1?,0
100,201,202,Apakah benar-benar akan ada perang antara India dan Pakistan atas serangan Uri? Apa dampaknya?,Apakah akan terjadi perang nuklir antara India dan Pakistan?,1
101,203,204,Apakah Ronald Reagan memiliki tingkah laku dalam pidatonya?,Bagaimana reaksi Ronald Reagan terhadap peristiwa 9/11?,0
102,205,206,Apa strategi perang Uni dan Konfederasi selama Perang Saudara?,Bagaimana mungkin pasukan Konfederasi bisa mengalahkan pasukan Union di Gettysburg selama Perang Saudara Amerika?,0
103,207,208,Manakah novel fiksi terbaik tahun 2016?,Manakah novel fiksi terbaik?,0
104,209,210,Dapatkah saya memulihkan email saya jika saya lupa kata sandi?,Apa yang harus saya lakukan jika saya lupa kata sandi email saya?,1
105,211,212,"Apakah demonetisasi baru-baru ini akan menghasilkan PDB yang lebih tinggi? Jika demikian, berapa banyak?",Bagaimana demonetisasi dapat mempengaruhi PDB India dalam jangka pendek dan jangka panjang?,0
106,213,214,Pernahkah Anda mendengar tentang travel hacking?,Dapatkah WhatsApp diretas?,0
107,215,216,Apa perbedaan antara cinta dan kasihan?,Apa perbedaan antara cinta dan kasihan?,1
108,217,218,Seberapa kompetitif proses perekrutan di Republic Bank?,Seberapa kompetitif proses perekrutan di S & T Bank?,0
109,219,220,Bagaimana Google membantu dalam penyesuaian peringkat spam dari hasil pencarian?,"Bagaimana distribusi trafik di antara hasil pencarian organik Google? misalnya peringkat #1 vs. #2, halaman pertama vs. halaman kedua",0
110,221,222,Di mana saya bisa menonton gonulcelen dengan teks bahasa Inggris?,Di mana saya bisa menonton sarrainodu dengan subtitle?,0
111,223,224,Apakah Amerika Serikat adalah negara paling kuat di dunia?,Mengapa Amerika Serikat adalah negara paling kuat di dunia?,0
112,225,226,Bagaimana Anda mendapatkan pereda nyeri maag secara instan?,Apa yang lebih baik untuk nyeri punggung bawah: panas atau es?,0
113,227,228,Bagaimana menurut Anda makanan China?,Bagaimana pendapat Anda tentang makanan Cina?,1
114,229,230,Apa yang dimaksud dengan mengambil keuntungan dari seseorang?,Apakah lebih buruk mengambil keuntungan dari seseorang atau menjadi materialistis?,0
115,231,232,Mengapa kita menangis ketika kita bahagia dan ketika kita sedih?,Mengapa kita menangis?,0
116,233,234,Mengapa sebagian anak perempuan suka menjulurkan lidah mereka ketika berfoto?,Mengapa gadis-gadis remaja (dan wanita pada umumnya) mengizinkan pacar mereka untuk mengambil foto telanjang mereka di zaman sekarang ini dan di zaman (digital)?,0
117,235,236,"Apakah Anda merasa akhir novel ""1984"" menyedihkan?","Apa perbedaan Winston dan Julia dalam novel ""1984""? Bagaimana mereka serupa?",0
118,237,238,Apa saja alat komputer yang menakjubkan yang ada yang tidak diketahui kebanyakan orang?,Apa saja teknologi menakjubkan yang ada yang tidak diketahui oleh kebanyakan orang?,0
119,239,240,Apakah sikat gigi harus basah atau kering sebelum mengoleskan pasta gigi?,Pasta gigi apa yang paling murah?,0
120,241,242,Mengapa pertanyaan saya ditandai sebagai perlu perbaikan?,Bagaimana saya bisa mengajukan pertanyaan tanpa ditandai sebagai 'perlu ditingkatkan'?,1
121,243,244,Apa perbedaan antara keadaan netral dan keadaan penyangga?,"Jika setiap negara bagian di Amerika Serikat menyatakan perang terhadap satu sama lain, manakah yang akan menang?",0
122,245,246,Mineral apa yang memiliki muatan listrik tertinggi?,Mineral apa yang dapat menahan muatan listrik terbesar?,1
123,247,248,Apakah misteri terbesar di alam semesta?,Apakah misteri terbesar sepanjang masa?,0
124,249,250,Apa alternatif untuk pembelajaran mesin?,Bagaimana cara melakukan sampel berlebih pada set data ketidakseimbangan multi-kelas?,0
125,251,252,"Mengapa Tiongkok memblokir sanksi di PBB terhadap kepala Jaish-e-Mohammad (JeM), Masood Azhar?",Mengapa Tiongkok mendukung Masood Azhar?,1
126,253,254,Apa yang dimaksud dengan anggaran masa depan?,Apakah makna masa depan?,0
127,255,256,Dapatkah jumlah Vitamin C yang berlebihan menyebabkan saya mengalami keguguran?,Bagaimana Vitamin C dapat menyebabkan keguguran?,1
128,257,258,Bagaimana rasanya bekerja di Asahi India Glass? Berapa skala gaji setelah satu atau dua tahun?,Kapan kita akan mendapatkan Surat Panggilan setelah kita mendapatkan Letter of Intent dalam perekrutan Asahi India Glass?,0
129,259,260,Bagaimana cara mengakses Torbox di India?,Bagaimana cara mengakses Google.com dari India?,0
130,261,262,Apa sajakah mantra-mantra yakshini?,Apa itu Yantra & Mantra?,0
131,263,264,Apakah pembicaraan enam pihak berhasil?,Kursus mana yang lebih baik di NICMAR?,0
132,265,266,Bagaimana cara mendaftarkan email situs domain saya?,Bagaimana cara mendaftarkan domain .an?,0
133,267,268,Apakah normal bagi pria yang lebih tua untuk tertarik pada wanita muda?,Mengapa saya tertarik pada pria yang lebih tua?,0
134,269,270,Apa struktur terkuat atau bentuk terkuat di bawah kompresi?,Apa kabel Kevlar terkuat?,0
135,271,272,Siapakah Muslim Rohingya?,Siapakah orang-orang Rohingya?,1
136,273,274,Apakah penting apakah manusia itu egois atau jahat?,Apakah penting apakah manusia itu jahat atau tidak?,1
137,275,276,Apakah eksositosis dan endositosis merupakan contoh transpor aktif atau pasif?,Apa saja contoh transpor pasif dalam sel?,0
138,277,278,Bagaimana saya mendapatkan rambut di kepala botak?,"Jika saya mencukur kepala saya selama 2 tahun karena saya mulai botak dan kemudian menumbuhkan rambut saya, apakah rambut saya akan sama seperti ketika saya awalnya memiliki? Atau saya kehilangan lebih banyak rambut?",0
139,279,280,Apakah kehidupan ideal setelah pensiun?,Bagaimana kehidupan setelah pensiun?,0
140,281,282,Apa sikap kita terhadap Pakistan?,Bagaimana sikap Pakistan dalam kepemilikan senjata pemusnah massal oleh Korea Utara? Apakah mendukung RRDK atau menentang RRDK?,0
141,283,284,Apa situs web yang bagus untuk escort?,Bagaimana cara menemukan pendamping yang baik?,0
142,285,286,Mana yang lebih baik polo diesel atau grand i10 bensin?,Apa pola makan terbaik untuk seorang decathlete yang sedang tumbuh?,0
143,287,288,Apakah lubang hitam memiliki massa?,Apakah lubang hitam memiliki massa yang terbatas?,1
144,289,290,"Apakah Morgan Freeman benar ketika dia mengatakan bahwa satu-satunya cara untuk menghentikan rasisme, adalah dengan berhenti membicarakannya?",Apa pandangan Anda tentang kutipan Morgan Freeman tentang Rasisme ini?,1
145,291,292,Apakah Fab saat ini menawarkan opsi saham atau RSU kepada karyawan baru?,Apakah Uber saat ini menawarkan opsi saham atau RSU kepada karyawan baru?,0
146,293,294,Bagaimana Anda akan meninjau situs Waveclues?,Apakah ada situs pembayaran yang bagus untuk ulasan di luar sana?,0
147,295,296,Dengan berapa banyak cara kita bisa mendistribusikan 10 pensil yang tampak identik kepada 4 siswa sehingga setiap siswa mendapatkan paling sedikit satu pensil?,Dalam berapa banyak cara 12 apel dapat didistribusikan di antara 4 anak sehingga setiap anak mendapatkan paling sedikit 2 apel?,0
148,297,298,Berapa biaya untuk menyewa Jerry Seinfeld selama 1-2 jam?,Berapa biaya rata-rata untuk merekam video presentasi selama 2 jam?,0
149,299,300,Apakah 7 hari sudah terlambat untuk vaksin rabies setelah kemungkinan tidak terpapar gigitan?,Dapatkah saya mengambil suntikan rabies setelah 1 hari gigitan anjing?,0
150,301,302,Berapa tahun Inggris memerintah India?,Berapa jumlah standar waktu istirahat yang diberikan untuk relokasi internasional?,0
151,303,304,Bagaimana saya bisa berhenti takut bekerja?,Bagaimana Anda berhenti takut akan segala sesuatu?,0
152,305,306,Mengapa Red menyimpan kunci-kunci di OITNB?,Mengapa Red menyimpan kunci di musim 4 Orange is the New Black?,1
153,307,308,Pada usia berapa seseorang harus kehilangan keperawanannya?,"Pada usia berapa, bagaimana, dan di mana Anda kehilangan keperawanan Anda?",0
154,309,310,Seberapa pelupa Anda?,Bagaimana saya bisa melupakan istri saya?,0
155,311,312,Mungkinkah Snoke diam-diam adalah Darth Maul?,Bagaimana Snoke bisa menjadi Darth Plagueis jika dia dibunuh oleh Kaisar Palpatine?,0
156,313,314,"Jika saya tidak memonetisasi video YouTube & mengunggah konten hak cipta, maka apakah ada kemungkinan Google dapat memblokir akun saya?",Bagaimana Anda mengunggah film di YouTube dan memonetisasinya? Apakah ada masalah hak cipta,1
157,315,316,Apakah Anda akan beralih dari Canon 6D ke Leica D-LUX 109?,Tripod apa yang harus saya dapatkan untuk Canon 6D saya?,0
158,317,318,Seperti apa tampilan situs web Quora bagi anggota moderasi Quora?,Bagaimana tampilan Quora bagi seorang moderator?,1
159,319,320,Mengapa tidak ada yang menjawab pertanyaan saya di Quora?,Mengapa tidak ada yang menjawab pertanyaan saya di Quora?,1
160,321,322,Apa lelucon terlucu yang Anda ketahui?,Apa lelucon terlucu sepanjang masa?,1
161,323,324,"Saya mendapat tawaran pekerjaan @ Chelmsford-Essex, London dengan gaji £ 3764 PM setelah dipotong pajak. Mohon saran biaya bulanan tentatif untuk pasangan? & menabung mungkin?","Jika saya meninggalkan Norwegia, dapatkah saya membayar hipotek saya dengan rekening BSU saya, dan kemudian menjual apartemen saya tanpa harus membayar kembali potongan pajak yang saya dapatkan karena memiliki BSU?",0
162,325,326,Apa saja stereotip tentang Inggris Raya?,Apa pendapat orang Amerika tentang Inggris?,0
163,327,328,Bagaimana cara menggunakan Twitter sebagai sumber bisnis?,Bagaimana cara menggunakan Twitter untuk bisnis?,1
164,329,330,Bagaimana cara mentransfer uang dari Skrill ke rekening PayPal?,Bagaimana cara mengirim uang dari rekening PayPal ke rekening Skrill saya untuk ditarik?,0
165,331,332,Manakah earphone terbaik dengan bass yang dalam di bawah 1000?,Earphone terbaik mana yang di bawah Rs 1000?,1
166,333,334,Apakah karyawan pemerintah memenuhi syarat untuk Sukanya Samrudi Yojana?,Dapatkah karyawan Pemerintah menerapkan IEC?,0
167,335,336,Mana yang benar - 'Menantikan untuk berbicara dengan Anda' atau 'Berharap untuk berbicara dengan Anda'?,"Manakah yang benar: ""berbicara dengan"" atau ""berbicara kepada""?",0
168,337,338,Manakah bidang teknik terbaik?,Apa bidang teknik terbaik?,1
169,339,340,Bagaimana Anda membuat hidup sesuai dengan Anda dan menghentikan kehidupan dari menyalahgunakan Anda secara mental dan emosional?,"Mengapa ada orang yang kasar secara emosional dalam hidup saya? Beberapa mantan pacar, teman, dan rekan kerja / atasan masa lalu adalah pelaku kekerasan. Apakah saya menarik mereka?",0
170,341,342,Apa perbedaan antara gaji kotor dan CTC?,"Tampaknya ada perbedaan antara gaji mingguan saya dan gaji tahunan yang disepakati majikan saya, bagaimana cara kerjanya?",0
171,343,344,Kota-kota mana saja yang makmur di Kerala?,Mengapa ada begitu banyak orang Kristen di Kerala?,0
172,345,346,Apa cara terbaik untuk mendapatkan kepercayaan diri?,Bagaimana saya bisa berbicara dengan lebih jelas dan percaya diri?,0
173,347,348,Apakah ada yang melihat hubungan antara dewa-dewa Yunani dan dewa-dewa Hindu?,"Paralelisme apa yang bisa kita tarik di antara dewa-dewa mitologi Hindu, mitologi Yunani, mitologi Mesir, dll.?",1
174,349,350,Bagaimana cara beralih dari Apple Music ke Spotify?,Haruskah saya beralih dari Spotify ke Apple Music?,0
175,351,352,Manakah reksa dana pendapatan tetap terbaik?,Apa reksa dana pendapatan tetap terbaik?,1
176,353,354,Bagaimana rasanya tinggal di Köln?,"Bagaimana rasanya tinggal di Köln, Jerman? ",1
177,355,356,"Antara Robert De Niro dan Al Pacino, siapa yang lebih sukses?","Siapa yang Anda anggap sebagai aktor terbaik, Robert De Niro atau Al Pacino?",0
178,357,358,Mengapa sebagian orang lebih menyukai keluarga kecil?,Mengapa sebagian orang lebih suka tinggal bersama keluarga kecil?,1
179,359,360,Apakah hewan berciuman?,Apakah hewan (selain manusia) berciuman?,1
180,361,362,Bagaimana Anda mendapatkan obrolan Instagram yang dihapus?,Bagaimana saya bisa melihat dms Instagram yang dihapus?,1
181,363,364,Bagaimana saya bisa berhenti kecanduan cinta?,Bagaimana cara berhenti kecanduan seseorang?,0
182,365,366,Bagaimana kalau saya menyewa dua orang mata-mata pribadi dan memerintahkan mereka untuk mengikuti satu sama lain?,Apakah saya bisa menyewa dua penyelidik swasta dan kemudian membuat mereka saling mengikuti?,1
183,367,368,Bagaimana cara menemukan akselerator startup?,Bagaimana akselerator startup memberi Anda pendanaan?,0
184,369,370,Bagaimana saya bisa memeriksa riwayat wifi dan mengaksesnya melalui ponsel android?,Saya tidak bisa membuka Quora melalui router WiFi saya. Mengapa saya hanya bisa mengaksesnya melalui jaringan seluler?,0
185,371,372,"Apa pentingnya pertempuran Somme, dan bagaimana pertempuran ini dibandingkan dan dikontraskan dengan Pertempuran Rostov?","Apa pentingnya pertempuran Somme, dan bagaimana pertempuran ini dibandingkan dan dikontraskan dengan Pertempuran Riyadh?",1
186,373,374,Apa esai penerimaan perguruan tinggi paling kreatif yang pernah Anda baca?,Apakah ada petugas penerimaan perguruan tinggi yang menangis di depan umum saat membaca esai pelamar?,0
187,375,376,"Apa yang akan terjadi jika Anda menutup salah satu mata Anda dengan penutup mata selama satu tahun, kemudian melepaskan penutup mata itu?",Apa yang terjadi jika obat mata masuk ke dalam mata?,0
188,377,378,Mungkinkah mengejar banyak hal yang berbeda dalam hidup?,Bagaimana saya menolak untuk memilih di antara berbagai hal yang berbeda untuk dilakukan dalam hidup saya?,1
189,379,380,Apakah Ben Affleck lebih bersinar daripada Christian Bale sebagai Batman?,"Tolong jangan fanboy, tapi siapa batman yang sebenarnya, Christian Bale atau Ben Affleck?",1
190,381,382,Bisnis mana yang bagus dimulai di Hyderabad?,Bisnis mana yang lebih baik untuk dimulai di Hyderabad?,1
191,383,384,Bagaimana saya bisa berhenti bersikap posesif?,Bagaimana saya berhenti bersikap posesif berlebihan terhadap orang yang saya cintai?,1
192,385,386,Siapakah istri Dewa Krishna?,Siapakah ayah dari Dewa Krishna?,0
193,387,388,Kombinasi kursus apa yang terbaik yang bisa saya ambil bersama CA untuk meningkatkan karier saya?,Mata kuliah apa saja yang harus diambil bersama dengan mata kuliah CA?,1
194,389,390,Bagaimana cara mengambil screenshot pada laptop Mac?,Bagaimana cara mengambil tangkapan layar di MacBook Pro saya? Apa saja petunjuknya?,1
195,391,392,Seperti apa pekerjaan perekrut eksekutif?,Seperti apa rasanya bekerja dengan perekrut eksekutif?,0
196,393,394,Kebutuhan psikologis manakah yang dipenuhi oleh 'mengumpulkan'?,Mengapa orang mengoleksi benda-benda?,0
197,395,396,Apa saja acara TV yang harus ditonton sebelum Anda mati?,Apakah ada acara TV yang harus ditonton?,1
198,397,398,Bagaimana saya bisa menjadi lebih fasih berbahasa Mandarin?,Bagaimana saya bisa fasih berbahasa Mandarin?,1
199,399,400,Apa efek demonitisasi uang kertas 500 dan 1000 rupee pada sektor real estat?,Apa dampak dari penghapusan uang kertas ₹500 dan ₹1000 rupee di pasar real estat?,1
200,401,402,Apa cara termudah untuk menjadi miliarder($)?,Apa cara terbaik untuk menjadi miliarder?,1
201,403,404,Failure merupakan kegagalan satu produk atau perangkat lunak untuk menjalankan fungsinya. Hal ini dapat berupa program tidak mengeluarkan hasil yang benar atau program tidak berjalan. Contoh : Program grading nilai menampilkan output yang salah karena terdapat error pada logika konversi nilainya. Program ini dianggap gagal atau failure karena tidak dapat menjalankan fungsinya secara benar.,"Error merupakan penyebab terjadinya fault pada perangkat lunak. Error biasanya disebabkan oleh interevensi manusia. Contoh : pada suatu kode program grading ujian, programmer salah memasukan logika konversi nilai dari angka menuju nilai huruf.",0
202,405,406,Ketika program membutuhkan sistem yang harus selalu aktif dan ketika terdapat kesalahan sistem harus tetap berjalan dengan downtime seminimal mungkin serta meminimalisir kehilangan data pada saat error. Contoh pada suatu sistem dengan database yang dikonfigurasi Raid-1 Mirroring. Sehingga total SSD atau HDD pada database dibagi menjadi 2 blok dan secara bersamaan menyimpan data. Data akan tersimpan pada dua blok tersebut sehingga tiap blok memiliki kopian data yang disimpan.,Ketika sistem menggunakan data yang tidak terlalu sensitive sehingga tidak perlu ada backup. Sehingga sistem dapat berganti-ganti komponen ketika terjadi masalah karena tidak terlalu berpengaruh terhadap sistem. Contoh sistem pada telephone dimana tiap cicuit komponen dapat berganti atau diganti ketika terdapat masalah.,0
203,407,408,"Ketika majority voting tercapai dan nilai unik maksimum juga tercapai. Nilai unik maksimum dipilih ketika nilai m kurang dari [(N+1)/2]. Apabila nilai m lebih dari [(N+1)/2] dan voting mayoritas tercapai, serta nilai unik maksimum juga tercapai, consensus voting dapat digunakan untuk memilih nilai m secara acak.",Ketika cakupan output kegagalan besar. Metode voting ini dapat dilakukan apabila independensi statistic variasi kegagalan pada sistem dapat diasumsikan sebelumnya.,0
204,409,410,"Fault merupakan penyebab terjadinya failure pada suatu program atau perangkat lunak. Fault terjadi karena terdapat komponen kode yang tidak sesuai dari spesifikasi. Contoh : Programmer lupa menambahkan semicolon pada akhir suatu kode, sehingga program tidak berjalan.","Fault merupakan penyebab terjadinya failure pada suatu program atau perangkat lunak. Fault terjadi karena terdapat komponen kode yang tidak sesuai dari spesifikasi. Contoh : Programmer lupa menambahkan semicolon pada akhir suatu kode, sehingga program tidak berjalan.",1
205,411,412,"Enkripsi merupakan fungsi 2-arah, apa yang dienkripsikan dapat didekripsi dengan kunci yang cocok. Enkripsi sendiri merupakan proses konversi pesan dari bentuk plaintext menjadi pesan random yang tidak terbaca atau ciphertext. Ciphertext tersebut dapat dikonversikan kembali menjadi plaintext awal dengan kunci enkripsi yang tepat dengan proses yang bernama deskripsi atau decryption.","Tanda tangan elektronik menggabungkan prinsip kerja dari enkripsi dan hashing. Tanda tangan elektronik tidak men-enkripsi data, melainkan melakukan hashing pada data yang kemudian pengguna dapat membuat kunci privat untuk men-enkripsi hasil hashing data.",0
206,413,414,Sistem yang dilindungi dari serangan MITM menyediakan beberapa metode autentifikasi untuk pesan-pesan yang berada pada sistem. Sebagian besar dari metode tersebut membutuhkan pertukaran informasi atau kunci sebagai tambahan pesan melalui kanal terproteksi.,"Tamper detection dapat digunakan untuk memperlihatkan bukti bahwa pesan telah diubah. Caranya dengan melakukan latency examination. Untuk mendeteksi serangan MITM, kedua pihak mengecek perbedaan respons waktu pengiriman pesan. Misal kedua pihak biasanya memiliki respons waktu pengiriman sebesar 10 detik, apabila pada suatu ketika respons waktunya menjadi abnormal, misal 20 detik dapat menjadi indikasi terdapat pihak ketiga yang melakukan intervensi.",0
207,415,416,"Dalam transaksi data, ACID merupakan singkatan dari Atomic, Consistent, Isolated, dan Durable. Atomic berarti transaksi data tidak dapat dibagi-bagi. Consistent berarti batasan transaksi tidak berubah dari sebelum transaksi dimulai hingga akhir transaksi. Isolated berarti perubahan pada basis data tidak diperlihatkan kepada pengguna hingga transaksi data sudah selesai. Durable berarti perubahan pada basis data bersifat permanen.",Kendali konkurensi merupakan proses mengatur banyak operasi secara bersamaan pada basis data sehingga integritas data dapat terjaga. Kendali konkurensi juga mencegah operasi dari pengguna agar tidak saling ikut campur atau mempengaruhi dengan operasi dari pengguna lainnya yang terdapat di multi-user environment.,0
208,417,418,"Redudansi data adalah duplikasi atau penyimpanan data yang sama secara berulang dalam beberapa file, sehingga data yang sama di simpan di dalam lebih dari 1 lokasi. Redudansi menyebabkan masalah pada waktu memperbarui (update) data, serta dapat menghabiskan tempat penyimpanan data dan juga menimbulkan inkonsisten data, yang berarti dokumen yang sama mungkin mempunyai data yang berbeda.","Redundansi data adalah keberadaan data yang merupakan tambahan pada data aktual dan memungkinkan koreksi kesalahan dalam data yang disimpan atau ditransmisikan. Data tambahan bisa saja merupakan salinan lengkap dari data aktual (sejenis kode pengulangan), atau hanya potongan-potongan data tertentu yang memungkinkan deteksi kesalahan dan rekonstruksi data yang hilang atau rusak hingga tingkat tertententu",1
209,419,420,"Siklus hidup pengembangan sistem (SDLC), juga disebut sebagai siklus hidup pengembangan aplikasi, adalah proses untuk merencanakan, membuat, menguji, dan menyebarkan sistem informasi. Konsep siklus hidup pengembangan sistem berlaku untuk berbagai konfigurasi perangkat keras dan perangkat lunak, karena suatu sistem dapat terdiri dari perangkat keras saja, perangkat lunak saja, atau kombinasi keduanya. ","SDLC adalah proses pengubahan dan pembuatan sistem, model, serta metodologi yang digunakan untuk mengembangkan software. Singkatnya, dalam dunia rekayasa software, ia merupakan langkah-langkah yang bisa diterapkan para engineer dan developer untuk merancang dan mengelola software.",1
210,421,422,Data Non-concurrency adalah ketika banyak user dapat mengakses dan membaca data pada waktu yang sama akan tetapi user kehilangan konsistensi dalam membaca data.,Invalid Data disebabkan karena data yang dimasukan dan disimpan tidak valid karena terjadi error pada atau tidak terdapatnya proses check dan validation data.,0
211,423,424,Kendali akses diberlakukan oleh admin dan pengguna,Kendali akses diberlakukan oleh admin dan sistem operasi,0
212,425,426,Memiliki tingkat skalabilitas yang tinggi,Memiliki tingkat skalabilitas yang rendah,0
213,427,428,Pemberian kendali akses bersifat fleksibel antar user.,"Pemberian kendali akses tidak fleksibel, diatur sistem operasi ",0
214,429,430,Memiliki tingkat keamanan yang rendah karena tiap kendali akses diberlakukan oleh tiap user.,Memiliki tingkat keamanan yang tinggi kareana kendali akses diberlakukan oleh sistem operasi dan admin.,0
215,431,432,SQL injection merupakan tipe serangan pada basis data dimana penyerang memasukan statement SQL ke dalam sistem basis data untuk dieksekusi untuk mendapatkan informasi penting dari basis data. Tipe serangan ini memanfaatkan loopholes pada impementasi dari aplikasi pengguna.,"Hacker menggunakan kredensial dari seorang pengguna atau perangkat untuk menyerang jaringan basis data, mencuri data, atau mengelabui kendali akses ke sistem basis data",0
216,433,434,"ISO 9000-3 merupakan panduan yang diberikan oleh Organisasi Standarisasi Internasional (ISO), untuk merepresentasikan implementasi dari metodologi umum manajemen kualitas standar ISO 9000 kepada kasus khusus pada pengembangan dan perawatan perangkat lunak.",ISO 9000-3 sendiri diadaptasi berdasarkan apa yang dikenalkan pada ISO 9001. Publikasi revisi panduan ISO 9000-3 sendiri mengikuti publikasi revisi standar tahun sebelumnya. Contoh ISO 9000-3 versi tahun 1997 berdasarkan pada standar ISO 9001 versi tahun 1994.,0
217,435,436,ISO 9000-3 sendiri diadaptasi berdasarkan apa yang dikenalkan pada ISO 9001. Publikasi revisi panduan ISO 9000-3 sendiri mengikuti publikasi revisi standar tahun sebelumnya. Contoh ISO 9000-3 versi tahun 1997 berdasarkan pada standar ISO 9001 versi tahun 1994.,Tujuan dari standar IEEE 1028 adalah untuk mendefinisikan prosedur review sistematik yang dapat diaplikasikan untuk mereview peforma sepanjang siklus hidup perangkat lunak dan dapat menyesuaikan dengan prasyarat review yang ditentukan oleh standar lainnya.,0
218,437,438,Tablet termasuk ke dalam kategori komputer karena memenuhi definisi sebagai mesin yang dapat diprogram untuk melaksanakan suatu perintah tertentu untuk mengolah data dari suatu bentuk ke bentuk yang lain.,"Tablet merupakan sebuah komputer karena tablet dapat deprogram/diperintah untuk dapat melakukan banyak hal, seperti menampilkan video/gambar, membuat dan mengirim pesan, bermain game.",1
219,439,440,"Pemrograman komputer adalah proses untuk membangun/mengerjakan sekumpulan perintah yang kita berikan kepada komputer untuk mengerjakan sesuatu, yaitu untuk mengolah data masukan menjadi keluaran.","Pemrograman komputer adalah proses untuk membuat suatu program. Dimulai dari sekumpulan perintah yang kita berikan kepada komputer untuk mengerjakan sesuatu, yang kemudian datanya diolah lalu keluar sebagai output sesuai perintah awal.",1
220,441,442,"Bahasa Assembly, merupakan bahasa yang menggunakan singkatan dari kata kerja dalam bahasa inggris yang mudah diingat (disebut dengan mnemonic). Bahasa ini membuat manusia menjadi lebih mudah menghafal perintah-perintah sehinnga mudah untuk mengembangkan program.",Bahasa assembly adalah bahasa yang menggunakan singkatan kata kerja dalam bahasa Inggris (mnemonic) yang mudah diingat untuk melaksanakan program yang akan dieksekusi oleh komputer.,1
221,443,444,"High-level language atau bahasa tingkat tinggi adalah bahasa pemrograman yang paling mirip dan paling mudah dipahami manusia. Contoh bahasa tingkat tinggi adalah Javascript, bahasa C, bahasa C++, dan lain-lain.","Bahasa Level Tinggi, merupakan bahasa yang paling mudah menuliskan perintah-perintahnya dibanding 2 bahasa sebelumnya karena lebih singkat dan mudah dihafalkan.",0
222,445,446,"Komponen yang menjadi syarat minimal sebuah komputer dapat bekerja yaitu memori utama, memori sekunder, central processing unit (CPU), input devices, dan output devices.","Perangkat elektronik yang bernama tablet termasuk komputer. Karena tablet ini biasanya kita kenal dengan komputer tablet, komputer tablet ini merupakan komputer lengkap yang berupa layar sentuh datar, dan juga dapat diprogram sehingga bisa melakukan sesuatu yang dibentuk.",0
223,447,448," Input devices: perangkat untuk memasukkan sinyal informasi ke dalam komputer seperti keyboard, mouse, touchpad, scanner.","Output devices: perangkat untuk mengkonversi informasi yang diproses komputer untuk dapat ditangkap indera manusia, seperti monitor, printer, speaker.",0
224,449,450,Critical section adalah segmen kode yang mengakses data yang digunakan proses secara bersama-sama yang dapat membawa proses itu ke bahaya race condition.,Race condition adalah suatu kondisi dimana dua atau lebih proses mengakses shared memory/sumber daya pada saat yang bersamaan dan hasil akhir dari data tersebut tergantung dari proses mana yang terakhir selesai dieksekusi sehingga hasil akhirnya terkadang tidak sesuai dengan yang dikehendaki.,0
225,451,452,Sleeping barber problem adalah masalah sinkronisasi dan komunikasi antar-proses. Masalah ini didasarkan pada barbershop.,Sleeping barber problem adalah masalah komunikasi dan sinkronisasi antar-proses klasik yang mengilustrasikan kerumitan yang muncul ketika ada beberapa proses sistem operasi.,1
226,453,454,"Software Failure, merupakan kesalahan yang disebabkan oleh software faults. Dapat berupa kegagalan dalam menjalankan suatu fungsi perangkat lunak atau fungsi yang dijalankan mengeluarkan hasil yang keliru.","Software Faults, merupakan kesalahan yang disebabkan oleh software error. Tidak semua atau selalu software error dapat menimbulkan software faults.",0
227,455,456,"Software Error, merupakan kesalahan yang disebabkan oleh campur tangan manusia, biasanya berupa kesalahan logika atau kesalahan penulisan grammar pada baris kode software.",Kesalahan Perangkat Lunak berarti kesalahan dalam pengkodean atau logika yang menyebabkan program tidak berfungsi secara substansial sebagaimana dijelaskan dalam Spesifikasi yang berlaku.,1
228,457,458,Perangkat Keras Komputer berarti komponen fisik sistem komputer.,Perangkat Keras Komputer berarti perangkat keras komputer atau perangkat periferal komputer.,1
229,459,460,Correctness berarti perangkat lunak harus dapat menampilkan data atau output yang sesuai dengan apa yang ditujukan.,Reliability berarti perangkat lunak dapat digunakan atau berfungsi secara konsisten saat digunakan sewaktu-waktu dan pada kapabilitas maksimumnya.,0
230,461,462,Integrity berarti perangkat lunak harus memiliki sistem keamaan yang aman untuk mencegah pihak tidak berwenang mengambil data dari perangkat lunak tersebut.,Usability berarti perangkat lunak memiliki dokumentasi yang jelas sehingga pengguna baru dapat memahami cara pemakaian atau pengoperasian dan seluk beluk dari perangkat lunak.,0
231,463,464,"Interoperability, Perangkat lunak dapat menyediakan antarmuka dengan sistem perangkat lunak lain atau firmware dari perangkat atau alat lainnya.","Reusability, Perangkat lunak dapat digunakan untuk pekerjaan lain yang dapat memanfaatkan fungsi dari perangkat lunak tersebut.",0
232,465,466,"Portability, Perangkat lunak dapat dijalankan pada lingkungan perangkat yang berbeda. ",Portabilitas adalah karakteristik yang dikaitkan dengan program komputer jika program tersebut dapat digunakan dalam sistem operasi lain.,1
233,467,468,Testability mengacu pada kemampuan untuk menjalankan eksperimen untuk menguji hipotesis atau teori.,"Testability mengacu pada tingkat bahwa setiap modul, persyaratan, subsistem, atau komponen lain dari arsitektur Anda dapat diverifikasi sebagai memuaskan atau tidak.",1
234,469,470,"Efficiency, perangkat lunak dapat menggunakan sumber daya dari perangkat sebaik mungkin untuk menjalankan fungsinya.","Flexibility, kegunaan atau fungsi dari perangkat lunak dapat disesuaikan dengan jenis pekerjaan pengguna.",0
235,471,472,"maintainability berarti semua ketentuan dan tindakan teknis yang berdampak pada desain dan konstruksi dan diperlukan untuk pemeliharaan, telah dirancang untuk memastikan bahwa instalasi cableway beroperasi dengan aman.","maintainability berarti probabilitas bahwa tindakan Pemeliharaan yang diberikan, untuk item dalam kondisi penggunaan tertentu, dapat dilakukan dalam interval waktu yang dinyatakan ketika Pemeliharaan dilakukan dalam kondisi yang dinyatakan dan menggunakan prosedur dan sumber daya yang dinyatakan.",1
236,473,474,"Fraud merupakan tiap Tindakan atau kelalaian yang disengaja yang dirancang untuk menipu orang lain, yang mengakibatkan korban menderita kerugian dan/atau pelaku memperoleh keuntungan.","corruption merupakan penyalahgunaan kekuasaan yang dipercayakan untuk keuntungan pribadi, termasuk suap.",0
237,475,476,Fraud merupakan segala hal yang melibatkan penyediaan fakta atau informasi yang salah untuk mendapatkan keuntungan secara illegal atau tidak semestinya.,"Fraud merupakan tiap Tindakan atau kelalaian yang disengaja yang dirancang untuk menipu orang lain, yang mengakibatkan korban menderita kerugian dan/atau pelaku memperoleh keuntungan.",1
238,477,478,Terdapat niat dari pelaku bahwa representasi palsu dipercayai oleh korban.,Terdapat niat untuk meminta tawaran bujukan atau hadiah untuk pelaksanaan suatu tindakan atau wewenang resmi.,0
239,479,480,Melibatkan pengkhianatan pada kepercayan antar pelaku dan korban.,Melibatkan pelanggaran loyalitas terhadap suatu prinsip.,0
240,481,482,"Penyuapan, penerimaan atau pemberian hadiah untuk mempengaruhi kebijakan atau performa seseorang.","Pernyataan palsu, pernyataan informasi palsu yang menyebabkan kerugian terhadap seseorang yang direpresentasikan.",0
241,483,484,"Corruption merupakan perilaku yang melibatkan pejabat negeri atau swasta, dimana mereka memperkaya diri dan teman mereka secara tidak pantas dan melanggar hukum atau membujuk orang lain untuk melakukannya dengan menyalahgunakan posisi dimana mereka ditempatkan.","corruption merupakan penyalahgunaan kekuasaan yang dipercayakan untuk keuntungan pribadi, termasuk suap.",1
242,485,486,Terdapat kerugian disalah satu pihak dan keuntungan dilain pihak.,Tidak selalu menghasilkan kerugian terhadap salah satu pihak yang terlibat.,0
243,487,488,Kelalaian materi atau kesalahan representasi yang dibuat secara sadar oleh pelaku.,Terdapat penyalahgunaan pangkat atau jabatan untuk keuntungan pribadi.,0
244,489,490,"Pembagian pembelian, kontrak dibagi menjadi 2 atau lebih untuk menghindari batas dana pengadaan sehingga dapat menghindari penawaran kompetitif.","Pembelian untuk pribadi, seseorang menggunakan anggaran publik untuk membeli barang yang harusnya digunakan untuk publik, tetapi dialihkan menjadi penggunaan pribadi.",0
245,491,492,"Nepotisme, penyalahgunaan jabatan untuk mengedepankan atau memfavoritkan kenalan atau keluarga dalam suatu proses.","Penyuapan, penerimaan atau pemberian hadiah untuk mempengaruhi kebijakan atau performa seseorang.",0
246,493,494,Failure adalah ketidakmampuan sistem perangkat lunak atau komponen untuk melakukan fungsi yang diperlukan dalam persyaratan kinerja yang ditentukan. Software failure terjadi jika perilaku perangkat lunak berbeda dari perilaku yang ditentukan/dispesifikasikan.,Failure merupakan kegagalan satu produk atau perangkat lunak untuk menjalankan fungsinya. Hal ini dapat berupa program tidak mengeluarkan hasil yang benar atau program tidak berjalan.,1
247,495,496,Error adalah suatu kesalahan dari pihak developer dan menyebabkan kita tidak dapat mengkompilasi atau menjalankan aplikasi tersebut karena kesalahan pengkodean.,Error merupakan penyebab terjadinya fault pada perangkat lunak. Error biasanya disebabkan oleh interevensi manusia. ,1
248,497,498,"Computer-aided engineering (CAE) Mendefinisikan analisis dari masalah matematikanya, Mendefinisikan persamaannya, dan Membuat model konfigurasi fisiknya","Computer-aided design (CAD) Menghasilkan desain teknik yang lebih rinci, Me-render tampilan ketika struktur baru dibangun, dan Membuat konsep desain, tata letak produk, dan analisis dinamis perakitan",0
249,499,500,Material Requirements Planning (MRP) memonitor dan mengontrol inventaris dan pembelian material,"Manufacturing Resource Planning (MRP II) memonitor kualitas produk, demand forecasting, dan financial planning",0
250,501,502,"Operasi Rollup digunakan untuk grouping dengan klausa. Operasi tersebut digunakan 
untuk membuat subtotal dan grandtotal untuk kumpulan kolom.","Operasi Cube mirip dengan operasi Rollup hanya saja Cube menghasilkan subtotal dan 
grandtotal untuk tiap permutasi dari kumpulan kolom.",0
